run_id,backend,architecture,model_key,display_name,step,seconds,tflops_per_device,tokens_per_device,total_weights,loss,lm_loss,perplexity,moe_lb_loss
dense_qwen_0_6b_cpu,cpu,dense,qwen3_0_6b,Qwen3 0.6B base,0,6.305,0.018,5.075,32.0,218.438,218.438,inf,
dense_qwen_0_6b_cpu,cpu,dense,qwen3_0_6b,Qwen3 0.6B base,1,1.177,0.098,27.189,32.0,218.438,218.438,inf,
dense_qwen_0_6b_cpu,cpu,dense,qwen3_0_6b,Qwen3 0.6B base,2,6.968,0.016,4.592,32.0,212.287,212.287,inf,
dense_qwen_0_6b_cpu,cpu,dense,qwen3_0_6b,Qwen3 0.6B base,3,7.147,0.016,4.477,32.0,189.235,189.235,inf,
dense_qwen_0_6b_cpu,cpu,dense,qwen3_0_6b,Qwen3 0.6B base,4,7.348,0.016,4.355,32.0,134.999,134.999,inf,
dense_qwen_0_6b_cpu,cpu,dense,qwen3_0_6b,Qwen3 0.6B base,5,7.017,0.016,4.561,32.0,99.348,99.348,inf,
dense_qwen_0_6b_cpu,cpu,dense,qwen3_0_6b,Qwen3 0.6B base,6,7.421,0.015,4.312,32.0,72.027,72.027,1.9086809773346653e+31,
dense_qwen_0_6b_cpu,cpu,dense,qwen3_0_6b,Qwen3 0.6B base,7,6.978,0.016,4.586,32.0,47.359,47.359,3.6961781013643526e+20,
dense_qwen_0_6b_cpu,cpu,dense,qwen3_0_6b,Qwen3 0.6B base,8,6.862,0.017,4.663,32.0,24.482,24.482,42891980800.0,
dense_qwen_0_6b_cpu,cpu,dense,qwen3_0_6b,Qwen3 0.6B base,9,6.983,0.016,4.582,32.0,10.242,10.242,28058.244,
dense_qwen_0_6b_cpu,cpu,dense,qwen3_0_6b,Qwen3 0.6B base,10,7.461,0.015,4.289,32.0,3.375,3.375,29.226,
dense_qwen_0_6b_cpu,cpu,dense,qwen3_0_6b,Qwen3 0.6B base,11,7.099,0.016,4.508,32.0,0.03,0.03,1.03,
dense_qwen_0_6b_cpu,cpu,dense,qwen3_0_6b,Qwen3 0.6B base,12,6.986,0.016,4.58,32.0,0.066,0.066,1.069,
dense_qwen_0_6b_cpu,cpu,dense,qwen3_0_6b,Qwen3 0.6B base,13,8.55,0.013,3.743,32.0,0.0,0.0,1.0,
dense_qwen_0_6b_cpu,cpu,dense,qwen3_0_6b,Qwen3 0.6B base,14,9.857,0.012,3.246,32.0,0.0,0.0,1.0,
dense_qwen_0_6b_cpu,cpu,dense,qwen3_0_6b,Qwen3 0.6B base,15,9.771,0.012,3.275,32.0,0.0,0.0,1.0,
dense_qwen_0_6b_cpu,cpu,dense,qwen3_0_6b,Qwen3 0.6B base,16,10.181,0.011,3.143,32.0,0.0,0.0,1.0,
dense_qwen_0_6b_cpu,cpu,dense,qwen3_0_6b,Qwen3 0.6B base,17,10.981,0.01,2.914,32.0,0.0,0.0,1.0,
dense_qwen_0_6b_cpu,cpu,dense,qwen3_0_6b,Qwen3 0.6B base,18,16.756,0.007,1.91,32.0,0.0,0.0,1.0,
dense_qwen_0_6b_cpu,cpu,dense,qwen3_0_6b,Qwen3 0.6B base,19,7.827,0.015,4.088,32.0,0.0,0.0,1.0,
dense_qwen_0_6b_cpu,cpu,dense,qwen3_0_6b,Qwen3 0.6B base,20,7.441,0.015,4.301,32.0,0.0,0.0,1.0,
dense_qwen_0_6b_cpu,cpu,dense,qwen3_0_6b,Qwen3 0.6B base,21,7.206,0.016,4.44,32.0,0.0,0.0,1.0,
dense_qwen_0_6b_cpu,cpu,dense,qwen3_0_6b,Qwen3 0.6B base,22,7.597,0.015,4.212,32.0,0.0,0.0,1.0,
dense_qwen_0_6b_cpu,cpu,dense,qwen3_0_6b,Qwen3 0.6B base,23,7.134,0.016,4.486,32.0,0.0,0.0,1.0,
dense_qwen_0_6b_cpu,cpu,dense,qwen3_0_6b,Qwen3 0.6B base,24,7.181,0.016,4.456,32.0,0.0,0.0,1.0,
dense_qwen_0_6b_cpu,cpu,dense,qwen3_0_6b,Qwen3 0.6B base,25,7.333,0.016,4.364,32.0,0.0,0.0,1.0,
dense_qwen_0_6b_cpu,cpu,dense,qwen3_0_6b,Qwen3 0.6B base,26,7.147,0.016,4.477,32.0,0.0,0.0,1.0,
dense_qwen_0_6b_cpu,cpu,dense,qwen3_0_6b,Qwen3 0.6B base,27,7.062,0.016,4.531,32.0,0.0,0.0,1.0,
dense_qwen_0_6b_cpu,cpu,dense,qwen3_0_6b,Qwen3 0.6B base,28,7.648,0.015,4.184,32.0,0.0,0.0,1.0,
dense_qwen_0_6b_cpu,cpu,dense,qwen3_0_6b,Qwen3 0.6B base,29,7.217,0.016,4.434,32.0,0.0,0.0,1.0,
dense_qwen_0_6b_cpu,cpu,dense,qwen3_0_6b,Qwen3 0.6B base,30,7.352,0.016,4.352,32.0,0.0,0.0,1.0,
dense_qwen_0_6b_cpu,cpu,dense,qwen3_0_6b,Qwen3 0.6B base,31,7.139,0.016,4.482,32.0,0.0,0.0,1.0,
dense_qwen_0_6b_cpu,cpu,dense,qwen3_0_6b,Qwen3 0.6B base,32,7.752,0.015,4.128,32.0,0.0,0.0,1.0,
dense_qwen_0_6b_cpu,cpu,dense,qwen3_0_6b,Qwen3 0.6B base,33,7.182,0.016,4.455,32.0,0.0,0.0,1.0,
dense_qwen_0_6b_cpu,cpu,dense,qwen3_0_6b,Qwen3 0.6B base,34,7.396,0.016,4.327,32.0,0.0,0.0,1.0,
dense_qwen_0_6b_cpu,cpu,dense,qwen3_0_6b,Qwen3 0.6B base,35,7.638,0.015,4.189,32.0,0.0,0.0,1.0,
dense_qwen_0_6b_cpu,cpu,dense,qwen3_0_6b,Qwen3 0.6B base,36,7.24,0.016,4.42,32.0,0.0,0.0,1.0,
dense_qwen_0_6b_cpu,cpu,dense,qwen3_0_6b,Qwen3 0.6B base,37,7.589,0.015,4.217,32.0,0.0,0.0,1.0,
dense_qwen_0_6b_cpu,cpu,dense,qwen3_0_6b,Qwen3 0.6B base,38,7.115,0.016,4.497,32.0,0.0,0.0,1.0,
dense_qwen_0_6b_cpu,cpu,dense,qwen3_0_6b,Qwen3 0.6B base,39,7.162,0.016,4.468,32.0,0.0,0.0,1.0,
dense_qwen_0_6b_cpu,cpu,dense,qwen3_0_6b,Qwen3 0.6B base,40,7.721,0.015,4.145,32.0,0.0,0.0,1.0,
dense_qwen_0_6b_cpu,cpu,dense,qwen3_0_6b,Qwen3 0.6B base,41,6.998,0.016,4.573,32.0,0.0,0.0,1.0,
dense_qwen_0_6b_cpu,cpu,dense,qwen3_0_6b,Qwen3 0.6B base,42,7.342,0.016,4.359,32.0,0.0,0.0,1.0,
dense_qwen_0_6b_cpu,cpu,dense,qwen3_0_6b,Qwen3 0.6B base,43,7.345,0.016,4.357,32.0,0.0,0.0,1.0,
dense_qwen_0_6b_cpu,cpu,dense,qwen3_0_6b,Qwen3 0.6B base,44,7.371,0.016,4.341,32.0,0.0,0.0,1.0,
dense_qwen_0_6b_cpu,cpu,dense,qwen3_0_6b,Qwen3 0.6B base,45,7.057,0.016,4.534,32.0,0.0,0.0,1.0,
dense_qwen_0_6b_cpu,cpu,dense,qwen3_0_6b,Qwen3 0.6B base,46,7.58,0.015,4.222,32.0,0.0,0.0,1.0,
dense_qwen_0_6b_cpu,cpu,dense,qwen3_0_6b,Qwen3 0.6B base,47,7.488,0.015,4.274,32.0,0.0,0.0,1.0,
dense_qwen_0_6b_cpu,cpu,dense,qwen3_0_6b,Qwen3 0.6B base,48,8.257,0.014,3.876,32.0,0.0,0.0,1.0,
dense_qwen_0_6b_cpu,cpu,dense,qwen3_0_6b,Qwen3 0.6B base,49,7.464,0.015,4.287,32.0,0.0,0.0,1.0,
dense_qwen_scaled_1b_cpu,cpu,dense,qwen3_scaled_1b,Qwen3 scaled approximately 1B,0,6.588,0.029,4.857,32.0,246.511,246.511,inf,
dense_qwen_scaled_1b_cpu,cpu,dense,qwen3_scaled_1b,Qwen3 scaled approximately 1B,1,1.183,0.16,27.047,32.0,246.511,246.511,inf,
dense_qwen_scaled_1b_cpu,cpu,dense,qwen3_scaled_1b,Qwen3 scaled approximately 1B,2,11.094,0.017,2.884,32.0,235.771,235.771,inf,
dense_qwen_scaled_1b_cpu,cpu,dense,qwen3_scaled_1b,Qwen3 scaled approximately 1B,3,12.141,0.016,2.636,32.0,199.885,199.885,inf,
dense_qwen_scaled_1b_cpu,cpu,dense,qwen3_scaled_1b,Qwen3 scaled approximately 1B,4,11.348,0.017,2.82,32.0,130.929,130.929,inf,
dense_qwen_scaled_1b_cpu,cpu,dense,qwen3_scaled_1b,Qwen3 scaled approximately 1B,5,11.338,0.017,2.822,32.0,86.62,86.62,4.1558398677159826e+37,
dense_qwen_scaled_1b_cpu,cpu,dense,qwen3_scaled_1b,Qwen3 scaled approximately 1B,6,11.192,0.017,2.859,32.0,52.275,52.275,5.043800998354034e+22,
dense_qwen_scaled_1b_cpu,cpu,dense,qwen3_scaled_1b,Qwen3 scaled approximately 1B,7,11.465,0.016,2.791,32.0,23.827,23.827,22275379200.0,
dense_qwen_scaled_1b_cpu,cpu,dense,qwen3_scaled_1b,Qwen3 scaled approximately 1B,8,11.588,0.016,2.761,32.0,6.769,6.769,870.346,
dense_qwen_scaled_1b_cpu,cpu,dense,qwen3_scaled_1b,Qwen3 scaled approximately 1B,9,11.528,0.016,2.776,32.0,0.597,0.597,1.817,
dense_qwen_scaled_1b_cpu,cpu,dense,qwen3_scaled_1b,Qwen3 scaled approximately 1B,10,11.604,0.016,2.758,32.0,0.022,0.022,1.022,
dense_qwen_scaled_1b_cpu,cpu,dense,qwen3_scaled_1b,Qwen3 scaled approximately 1B,11,11.864,0.016,2.697,32.0,0.041,0.041,1.042,
dense_qwen_scaled_1b_cpu,cpu,dense,qwen3_scaled_1b,Qwen3 scaled approximately 1B,12,11.166,0.017,2.866,32.0,0.0,0.0,1.0,
dense_qwen_scaled_1b_cpu,cpu,dense,qwen3_scaled_1b,Qwen3 scaled approximately 1B,13,12.194,0.015,2.624,32.0,0.1,0.1,1.105,
dense_qwen_scaled_1b_cpu,cpu,dense,qwen3_scaled_1b,Qwen3 scaled approximately 1B,14,11.419,0.017,2.802,32.0,0.0,0.0,1.0,
dense_qwen_scaled_1b_cpu,cpu,dense,qwen3_scaled_1b,Qwen3 scaled approximately 1B,15,11.214,0.017,2.853,32.0,0.0,0.0,1.0,
dense_qwen_scaled_1b_cpu,cpu,dense,qwen3_scaled_1b,Qwen3 scaled approximately 1B,16,11.502,0.016,2.782,32.0,0.0,0.0,1.0,
dense_qwen_scaled_1b_cpu,cpu,dense,qwen3_scaled_1b,Qwen3 scaled approximately 1B,17,11.585,0.016,2.762,32.0,0.0,0.0,1.0,
dense_qwen_scaled_1b_cpu,cpu,dense,qwen3_scaled_1b,Qwen3 scaled approximately 1B,18,11.067,0.017,2.891,32.0,0.0,0.0,1.0,
dense_qwen_scaled_1b_cpu,cpu,dense,qwen3_scaled_1b,Qwen3 scaled approximately 1B,19,11.763,0.016,2.72,32.0,0.0,0.0,1.0,
dense_qwen_scaled_1b_cpu,cpu,dense,qwen3_scaled_1b,Qwen3 scaled approximately 1B,20,11.062,0.017,2.893,32.0,0.0,0.0,1.0,
dense_qwen_scaled_1b_cpu,cpu,dense,qwen3_scaled_1b,Qwen3 scaled approximately 1B,21,12.081,0.016,2.649,32.0,0.0,0.0,1.0,
dense_qwen_scaled_1b_cpu,cpu,dense,qwen3_scaled_1b,Qwen3 scaled approximately 1B,22,11.577,0.016,2.764,32.0,0.0,0.0,1.0,
dense_qwen_scaled_1b_cpu,cpu,dense,qwen3_scaled_1b,Qwen3 scaled approximately 1B,23,11.458,0.016,2.793,32.0,0.0,0.0,1.0,
dense_qwen_scaled_1b_cpu,cpu,dense,qwen3_scaled_1b,Qwen3 scaled approximately 1B,24,11.625,0.016,2.753,32.0,0.0,0.0,1.0,
dense_qwen_scaled_1b_cpu,cpu,dense,qwen3_scaled_1b,Qwen3 scaled approximately 1B,25,11.646,0.016,2.748,32.0,0.0,0.0,1.0,
dense_qwen_scaled_1b_cpu,cpu,dense,qwen3_scaled_1b,Qwen3 scaled approximately 1B,26,11.727,0.016,2.729,32.0,0.0,0.0,1.0,
dense_qwen_scaled_1b_cpu,cpu,dense,qwen3_scaled_1b,Qwen3 scaled approximately 1B,27,12.684,0.015,2.523,32.0,0.0,0.0,1.0,
dense_qwen_scaled_1b_cpu,cpu,dense,qwen3_scaled_1b,Qwen3 scaled approximately 1B,28,16.129,0.012,1.984,32.0,0.0,0.0,1.0,
dense_qwen_scaled_1b_cpu,cpu,dense,qwen3_scaled_1b,Qwen3 scaled approximately 1B,29,14.804,0.013,2.162,32.0,0.0,0.0,1.0,
dense_qwen_scaled_1b_cpu,cpu,dense,qwen3_scaled_1b,Qwen3 scaled approximately 1B,30,15.713,0.012,2.037,32.0,0.0,0.0,1.0,
dense_qwen_scaled_1b_cpu,cpu,dense,qwen3_scaled_1b,Qwen3 scaled approximately 1B,31,12.413,0.015,2.578,32.0,0.0,0.0,1.0,
dense_qwen_scaled_1b_cpu,cpu,dense,qwen3_scaled_1b,Qwen3 scaled approximately 1B,32,11.355,0.017,2.818,32.0,0.0,0.0,1.0,
dense_qwen_scaled_1b_cpu,cpu,dense,qwen3_scaled_1b,Qwen3 scaled approximately 1B,33,11.305,0.017,2.831,32.0,0.0,0.0,1.0,
dense_qwen_scaled_1b_cpu,cpu,dense,qwen3_scaled_1b,Qwen3 scaled approximately 1B,34,11.918,0.016,2.685,32.0,0.0,0.0,1.0,
dense_qwen_scaled_1b_cpu,cpu,dense,qwen3_scaled_1b,Qwen3 scaled approximately 1B,35,11.767,0.016,2.719,32.0,0.0,0.0,1.0,
dense_qwen_scaled_1b_cpu,cpu,dense,qwen3_scaled_1b,Qwen3 scaled approximately 1B,36,11.48,0.016,2.787,32.0,0.0,0.0,1.0,
dense_qwen_scaled_1b_cpu,cpu,dense,qwen3_scaled_1b,Qwen3 scaled approximately 1B,37,11.142,0.017,2.872,32.0,0.0,0.0,1.0,
dense_qwen_scaled_1b_cpu,cpu,dense,qwen3_scaled_1b,Qwen3 scaled approximately 1B,38,12.026,0.016,2.661,32.0,0.0,0.0,1.0,
dense_qwen_scaled_1b_cpu,cpu,dense,qwen3_scaled_1b,Qwen3 scaled approximately 1B,39,11.521,0.016,2.777,32.0,0.0,0.0,1.0,
dense_qwen_scaled_1b_cpu,cpu,dense,qwen3_scaled_1b,Qwen3 scaled approximately 1B,40,11.462,0.016,2.792,32.0,0.0,0.0,1.0,
dense_qwen_scaled_1b_cpu,cpu,dense,qwen3_scaled_1b,Qwen3 scaled approximately 1B,41,11.757,0.016,2.722,32.0,0.0,0.0,1.0,
dense_qwen_scaled_1b_cpu,cpu,dense,qwen3_scaled_1b,Qwen3 scaled approximately 1B,42,11.38,0.017,2.812,32.0,0.0,0.0,1.0,
dense_qwen_scaled_1b_cpu,cpu,dense,qwen3_scaled_1b,Qwen3 scaled approximately 1B,43,11.78,0.016,2.717,32.0,0.0,0.0,1.0,
dense_qwen_scaled_1b_cpu,cpu,dense,qwen3_scaled_1b,Qwen3 scaled approximately 1B,44,12.04,0.016,2.658,32.0,0.0,0.0,1.0,
dense_qwen_scaled_1b_cpu,cpu,dense,qwen3_scaled_1b,Qwen3 scaled approximately 1B,45,11.715,0.016,2.732,32.0,0.0,0.0,1.0,
dense_qwen_scaled_1b_cpu,cpu,dense,qwen3_scaled_1b,Qwen3 scaled approximately 1B,46,11.726,0.016,2.729,32.0,0.0,0.0,1.0,
dense_qwen_scaled_1b_cpu,cpu,dense,qwen3_scaled_1b,Qwen3 scaled approximately 1B,47,11.702,0.016,2.734,32.0,0.0,0.0,1.0,
dense_qwen_scaled_1b_cpu,cpu,dense,qwen3_scaled_1b,Qwen3 scaled approximately 1B,48,11.432,0.017,2.799,32.0,0.0,0.0,1.0,
dense_qwen_scaled_1b_cpu,cpu,dense,qwen3_scaled_1b,Qwen3 scaled approximately 1B,49,11.801,0.016,2.712,32.0,0.0,0.0,1.0,
moe_deepseek_under_1b_cpu,cpu,moe,deepseek_moe_under_1b,DeepSeek MoE scaled under 1B,0,10.465,0.004,3.058,32.0,11.927,11.927,151333.078,0.0
moe_deepseek_under_1b_cpu,cpu,moe,deepseek_moe_under_1b,DeepSeek MoE scaled under 1B,1,0.806,0.055,39.714,32.0,11.927,11.927,151333.078,0.0
moe_deepseek_under_1b_cpu,cpu,moe,deepseek_moe_under_1b,DeepSeek MoE scaled under 1B,2,3.997,0.011,8.006,32.0,11.875,11.875,143627.312,0.0
moe_deepseek_under_1b_cpu,cpu,moe,deepseek_moe_under_1b,DeepSeek MoE scaled under 1B,3,4.949,0.009,6.466,32.0,11.66,11.66,115823.797,0.0
moe_deepseek_under_1b_cpu,cpu,moe,deepseek_moe_under_1b,DeepSeek MoE scaled under 1B,4,4.652,0.01,6.878,32.0,11.03,11.03,61682.148,0.0
moe_deepseek_under_1b_cpu,cpu,moe,deepseek_moe_under_1b,DeepSeek MoE scaled under 1B,5,4.681,0.009,6.836,32.0,10.275,10.275,29000.0,0.0
moe_deepseek_under_1b_cpu,cpu,moe,deepseek_moe_under_1b,DeepSeek MoE scaled under 1B,6,4.689,0.009,6.825,32.0,9.527,9.527,13730.779,0.0
moe_deepseek_under_1b_cpu,cpu,moe,deepseek_moe_under_1b,DeepSeek MoE scaled under 1B,7,4.385,0.01,7.297,32.0,8.84,8.84,6903.189,0.0
moe_deepseek_under_1b_cpu,cpu,moe,deepseek_moe_under_1b,DeepSeek MoE scaled under 1B,8,4.871,0.009,6.569,32.0,8.198,8.198,3634.487,0.0
moe_deepseek_under_1b_cpu,cpu,moe,deepseek_moe_under_1b,DeepSeek MoE scaled under 1B,9,4.669,0.01,6.854,32.0,7.578,7.578,1954.863,0.0
moe_deepseek_under_1b_cpu,cpu,moe,deepseek_moe_under_1b,DeepSeek MoE scaled under 1B,10,4.704,0.009,6.803,32.0,6.986,6.986,1081.723,0.0
moe_deepseek_under_1b_cpu,cpu,moe,deepseek_moe_under_1b,DeepSeek MoE scaled under 1B,11,4.616,0.01,6.932,32.0,6.407,6.407,605.785,0.0
moe_deepseek_under_1b_cpu,cpu,moe,deepseek_moe_under_1b,DeepSeek MoE scaled under 1B,12,4.666,0.01,6.858,32.0,5.845,5.845,345.625,0.0
moe_deepseek_under_1b_cpu,cpu,moe,deepseek_moe_under_1b,DeepSeek MoE scaled under 1B,13,4.591,0.01,6.97,32.0,5.303,5.303,200.916,0.0
moe_deepseek_under_1b_cpu,cpu,moe,deepseek_moe_under_1b,DeepSeek MoE scaled under 1B,14,4.661,0.01,6.866,32.0,4.784,4.784,119.584,0.0
moe_deepseek_under_1b_cpu,cpu,moe,deepseek_moe_under_1b,DeepSeek MoE scaled under 1B,15,4.599,0.01,6.959,32.0,4.29,4.29,72.977,0.0
moe_deepseek_under_1b_cpu,cpu,moe,deepseek_moe_under_1b,DeepSeek MoE scaled under 1B,16,4.819,0.009,6.64,32.0,3.822,3.822,45.706,0.0
moe_deepseek_under_1b_cpu,cpu,moe,deepseek_moe_under_1b,DeepSeek MoE scaled under 1B,17,4.613,0.01,6.937,32.0,3.376,3.376,29.259,0.0
moe_deepseek_under_1b_cpu,cpu,moe,deepseek_moe_under_1b,DeepSeek MoE scaled under 1B,18,4.63,0.01,6.912,32.0,2.965,2.965,19.399,0.0
moe_deepseek_under_1b_cpu,cpu,moe,deepseek_moe_under_1b,DeepSeek MoE scaled under 1B,19,4.723,0.009,6.776,32.0,2.588,2.588,13.308,0.0
moe_deepseek_under_1b_cpu,cpu,moe,deepseek_moe_under_1b,DeepSeek MoE scaled under 1B,20,4.672,0.01,6.85,32.0,2.245,2.245,9.437,0.0
moe_deepseek_under_1b_cpu,cpu,moe,deepseek_moe_under_1b,DeepSeek MoE scaled under 1B,21,4.881,0.009,6.555,32.0,1.93,1.93,6.891,0.0
moe_deepseek_under_1b_cpu,cpu,moe,deepseek_moe_under_1b,DeepSeek MoE scaled under 1B,22,5.749,0.008,5.566,32.0,1.673,1.673,5.327,0.0
moe_deepseek_under_1b_cpu,cpu,moe,deepseek_moe_under_1b,DeepSeek MoE scaled under 1B,23,7.837,0.006,4.083,32.0,1.435,1.435,4.199,0.0
moe_deepseek_under_1b_cpu,cpu,moe,deepseek_moe_under_1b,DeepSeek MoE scaled under 1B,24,5.83,0.008,5.488,32.0,1.225,1.225,3.404,0.0
moe_deepseek_under_1b_cpu,cpu,moe,deepseek_moe_under_1b,DeepSeek MoE scaled under 1B,25,4.672,0.01,6.849,32.0,1.044,1.044,2.841,0.0
moe_deepseek_under_1b_cpu,cpu,moe,deepseek_moe_under_1b,DeepSeek MoE scaled under 1B,26,4.825,0.009,6.633,32.0,0.888,0.888,2.429,0.0
moe_deepseek_under_1b_cpu,cpu,moe,deepseek_moe_under_1b,DeepSeek MoE scaled under 1B,27,4.5,0.01,7.111,32.0,0.758,0.758,2.135,0.0
moe_deepseek_under_1b_cpu,cpu,moe,deepseek_moe_under_1b,DeepSeek MoE scaled under 1B,28,4.65,0.01,6.881,32.0,0.656,0.656,1.926,0.0
moe_deepseek_under_1b_cpu,cpu,moe,deepseek_moe_under_1b,DeepSeek MoE scaled under 1B,29,4.757,0.009,6.727,32.0,0.58,0.58,1.786,0.0
moe_deepseek_under_1b_cpu,cpu,moe,deepseek_moe_under_1b,DeepSeek MoE scaled under 1B,30,4.684,0.009,6.831,32.0,0.529,0.529,1.697,0.0
moe_deepseek_under_1b_cpu,cpu,moe,deepseek_moe_under_1b,DeepSeek MoE scaled under 1B,31,4.792,0.009,6.678,32.0,0.491,0.491,1.633,0.0
moe_deepseek_under_1b_cpu,cpu,moe,deepseek_moe_under_1b,DeepSeek MoE scaled under 1B,32,4.946,0.009,6.47,32.0,0.451,0.451,1.57,0.0
moe_deepseek_under_1b_cpu,cpu,moe,deepseek_moe_under_1b,DeepSeek MoE scaled under 1B,33,4.557,0.01,7.022,32.0,0.42,0.42,1.522,0.0
moe_deepseek_under_1b_cpu,cpu,moe,deepseek_moe_under_1b,DeepSeek MoE scaled under 1B,34,4.752,0.009,6.733,32.0,0.391,0.391,1.479,0.0
moe_deepseek_under_1b_cpu,cpu,moe,deepseek_moe_under_1b,DeepSeek MoE scaled under 1B,35,4.586,0.01,6.978,32.0,0.368,0.368,1.445,0.0
moe_deepseek_under_1b_cpu,cpu,moe,deepseek_moe_under_1b,DeepSeek MoE scaled under 1B,36,4.59,0.01,6.972,32.0,0.343,0.343,1.409,0.0
moe_deepseek_under_1b_cpu,cpu,moe,deepseek_moe_under_1b,DeepSeek MoE scaled under 1B,37,4.862,0.009,6.582,32.0,0.327,0.327,1.386,0.0
moe_deepseek_under_1b_cpu,cpu,moe,deepseek_moe_under_1b,DeepSeek MoE scaled under 1B,38,4.775,0.009,6.702,32.0,0.312,0.312,1.366,0.0
moe_deepseek_under_1b_cpu,cpu,moe,deepseek_moe_under_1b,DeepSeek MoE scaled under 1B,39,4.46,0.01,7.174,32.0,0.304,0.304,1.356,0.0
moe_deepseek_under_1b_cpu,cpu,moe,deepseek_moe_under_1b,DeepSeek MoE scaled under 1B,40,4.649,0.01,6.884,32.0,0.297,0.297,1.346,0.0
moe_deepseek_under_1b_cpu,cpu,moe,deepseek_moe_under_1b,DeepSeek MoE scaled under 1B,41,4.672,0.01,6.849,32.0,0.291,0.291,1.337,0.0
moe_deepseek_under_1b_cpu,cpu,moe,deepseek_moe_under_1b,DeepSeek MoE scaled under 1B,42,5.077,0.009,6.302,32.0,0.287,0.287,1.332,0.0
moe_deepseek_under_1b_cpu,cpu,moe,deepseek_moe_under_1b,DeepSeek MoE scaled under 1B,43,4.409,0.01,7.258,32.0,0.281,0.281,1.325,0.0
moe_deepseek_under_1b_cpu,cpu,moe,deepseek_moe_under_1b,DeepSeek MoE scaled under 1B,44,4.654,0.01,6.875,32.0,0.276,0.276,1.317,0.0
moe_deepseek_under_1b_cpu,cpu,moe,deepseek_moe_under_1b,DeepSeek MoE scaled under 1B,45,4.924,0.009,6.498,32.0,0.272,0.272,1.313,0.0
moe_deepseek_under_1b_cpu,cpu,moe,deepseek_moe_under_1b,DeepSeek MoE scaled under 1B,46,4.529,0.01,7.066,32.0,0.269,0.269,1.309,0.0
moe_deepseek_under_1b_cpu,cpu,moe,deepseek_moe_under_1b,DeepSeek MoE scaled under 1B,47,4.657,0.01,6.871,32.0,0.269,0.269,1.308,0.0
moe_deepseek_under_1b_cpu,cpu,moe,deepseek_moe_under_1b,DeepSeek MoE scaled under 1B,48,4.858,0.009,6.586,32.0,0.266,0.266,1.305,0.0
moe_deepseek_under_1b_cpu,cpu,moe,deepseek_moe_under_1b,DeepSeek MoE scaled under 1B,49,4.672,0.01,6.849,32.0,0.264,0.264,1.303,0.0
